start_time,end_time,Duration (mS),Voltage (mV),Remaining_charge (mAh),Intensity (mA),Power (W),Consumed charge(mAh),Energy (J),Top app,Screen(ON/OFF),GPS(ON/OFF),Mobile_Radio(ON/OFF),WiFi(ON/OFF),Wifi radio,Camera(ON/OFF),Video (ON/OFF),Audio(ON/OFF),Wakelock_in (Service)
1763736790766,1763736794389,3623,3795,2165,954.527376,3.622431,0.960626,13.124069,tv.twitch.android.app,True,False,False,True,True,False,False,True,AudioMix
1763736794389,1763736794396,7,3795,2165,954.527376,3.622431,0.001856,0.025357,tv.twitch.android.app,True,False,False,True,True,False,False,True,*alarm*:DetectMovementSPListener
1763736794396,1763736807434,13038,3795,2165,954.527376,3.622431,3.456980,47.229261,tv.twitch.android.app,True,False,False,True,True,False,False,True,AudioMix
1763736807434,1763736811356,3922,3795,2165,954.527376,3.622431,1.039905,14.207176,tv.twitch.android.app,True,False,False,True,True,False,False,True,*walarm*:com.google.android.location.ALARM_WAKEUP_ACTIVITY_DETECTION
1763736811356,1763736811370,14,3795,2165,954.527376,3.622431,0.003712,0.050714,tv.twitch.android.app,True,False,False,True,True,False,False,True,*walarm*:com.google.android.location.ALARM_WAKEUP_ACTIVITY_DETECTION
1763736811370,1763736811374,4,3795,2165,954.527376,3.622431,0.001061,0.014490,tv.twitch.android.app,True,False,False,True,True,False,False,True,*walarm*:com.google.android.location.ALARM_WAKEUP_ACTIVITY_DETECTION
1763736811374,1763736811377,3,3795,2165,954.527376,3.622431,0.000795,0.010867,tv.twitch.android.app,True,False,False,True,True,False,False,True,CallbackRunner
1763736811377,1763736811406,29,3795,2165,954.527376,3.622431,0.007689,0.105051,tv.twitch.android.app,True,False,False,True,True,False,False,True,CollectionLib-SigCollector
1763736811406,1763736811417,11,3795,2165,954.527376,3.622431,0.002917,0.039847,tv.twitch.android.app,True,False,False,True,True,False,False,True,AudioMix
1763736811417,1763736811520,103,3795,2165,954.527376,3.622431,0.027310,0.373110,tv.twitch.android.app,True,False,False,True,True,False,False,True,CallbackRunner
1763736811520,1763736811527,7,3795,2165,954.527376,3.622431,0.001856,0.025357,tv.twitch.android.app,True,False,False,True,True,False,False,True,PendingIntentClient
1763736811527,1763736811532,5,3795,2165,954.527376,3.622431,0.001326,0.018112,tv.twitch.android.app,True,False,False,True,True,False,False,True,CallbackRunner
1763736811532,1763736811536,4,3795,2165,954.527376,3.622431,0.001061,0.014490,tv.twitch.android.app,True,False,False,True,True,False,False,True,PendingIntentClient
1763736811536,1763736811537,1,3795,2165,954.527376,3.622431,0.000265,0.003622,tv.twitch.android.app,True,False,False,True,True,False,False,True,CallbackRunner
1763736811537,1763736811543,6,3795,2165,954.527376,3.622431,0.001591,0.021735,tv.twitch.android.app,True,False,False,True,True,False,False,True,PendingIntentClient
1763736811543,1763736811549,6,3795,2165,954.527376,3.622431,0.001591,0.021735,tv.twitch.android.app,True,False,False,True,True,False,False,True,CallbackRunner
1763736811549,1763736816381,4832,3795,2165,954.527376,3.622431,1.281188,17.503588,tv.twitch.android.app,True,False,False,True,True,False,False,True,AudioMix
1763736816381,1763736816489,108,3795,2165,954.527376,3.622431,0.028636,0.391223,tv.twitch.android.app,True,False,False,True,True,False,False,True,NetworkStats
1763736816489,1763736820938,4449,3795,2165,954.527376,3.622431,1.179637,16.116197,tv.twitch.android.app,True,False,False,True,True,False,False,True,AudioMix
1763736820938,1763736829407,8469,3795,2157,715.895532,2.716824,1.684144,23.008779,tv.twitch.android.app,True,False,False,True,True,False,False,True,AudioMix
1763736829407,1763736829537,130,3795,2157,715.895532,2.716824,0.025852,0.353187,tv.twitch.android.app,True,False,False,True,True,False,False,True,NetworkStats
1763736829537,1763736829548,11,3795,2157,715.895532,2.716824,0.002187,0.029885,tv.twitch.android.app,True,False,False,True,True,False,False,True,AudioMix
1763736829548,1763736829603,55,3795,2157,715.895532,2.716824,0.010937,0.149425,tv.twitch.android.app,True,False,False,True,True,False,False,True,NetworkStats
1763736829603,1763736840007,10404,3795,2157,715.895532,2.716824,2.068938,28.265832,tv.twitch.android.app,True,False,False,True,True,False,False,True,AudioMix
1763736840007,1763736840020,13,3795,2157,715.895532,2.716824,0.002585,0.035319,tv.twitch.android.app,True,False,False,True,True,False,False,True,*alarm*:TIME_TICK
1763736840020,1763736851110,11090,3795,2157,715.895532,2.716824,2.205356,30.129573,tv.twitch.android.app,True,False,False,True,True,False,False,True,AudioMix
1763736851110,1763736854393,3283,3824,2151,1432.218281,5.476803,1.306104,17.980343,tv.twitch.android.app,True,False,False,True,True,False,False,True,AudioMix
1763736854393,1763736854399,6,3824,2151,1432.218281,5.476803,0.002387,0.032861,tv.twitch.android.app,True,False,False,True,True,False,False,True,*alarm*:DetectMovementSPListener
1763736854399,1763736862641,8242,3824,2151,1432.218281,5.476803,3.278984,45.139808,tv.twitch.android.app,True,False,False,True,True,False,False,True,AudioMix
1763736862641,1763736866074,3433,3824,2151,1432.218281,5.476803,1.365779,18.801864,tv.twitch.android.app,True,False,False,True,True,False,False,True,*alarm*:com.samsung.android.rubin.alarm.ACTION_ALARM
1763736866074,1763736868658,2584,3824,2151,1432.218281,5.476803,1.028014,14.152058,tv.twitch.android.app,True,False,False,True,True,False,False,True,AudioMix
1763736868658,1763736868790,132,3824,2151,1432.218281,5.476803,0.052515,0.722938,tv.twitch.android.app,True,False,False,True,True,False,False,True,NetworkStats
1763736868790,1763736872783,3993,3824,2151,1432.218281,5.476803,1.588569,21.868873,tv.twitch.android.app,True,False,False,True,True,False,False,True,AudioMix
1763736872783,1763736876200,3417,3824,2151,1432.218281,5.476803,1.359414,18.714235,tv.twitch.android.app,True,False,False,True,True,False,False,True,*walarm*:com.google.android.location.ALARM_WAKEUP_ACTIVITY_DETECTION
1763736876200,1763736876225,25,3824,2151,1432.218281,5.476803,0.009946,0.136920,tv.twitch.android.app,True,False,False,True,True,False,False,True,*walarm*:com.google.android.location.ALARM_WAKEUP_ACTIVITY_DETECTION
1763736876225,1763736876231,6,3824,2151,1432.218281,5.476803,0.002387,0.032861,tv.twitch.android.app,True,False,False,True,True,False,False,True,*walarm*:com.google.android.location.ALARM_WAKEUP_ACTIVITY_DETECTION
1763736876231,1763736876236,5,3824,2151,1432.218281,5.476803,0.001989,0.027384,tv.twitch.android.app,True,False,False,True,True,False,False,True,CallbackRunner
1763736876236,1763736876256,20,3824,2151,1432.218281,5.476803,0.007957,0.109536,tv.twitch.android.app,True,False,False,True,True,False,False,True,*alarm*
1763736876256,1763736876265,9,3824,2151,1432.218281,5.476803,0.003581,0.049291,tv.twitch.android.app,True,False,False,True,True,False,False,True,CollectionLib-SigCollector
1763736876265,1763736876267,2,3824,2151,1432.218281,5.476803,0.000796,0.010954,tv.twitch.android.app,True,False,False,True,True,False,False,True,*alarm*
1763736876267,1763736876268,1,3824,2151,1432.218281,5.476803,0.000398,0.005477,tv.twitch.android.app,True,False,False,True,True,False,False,True,*alarm*
1763736876268,1763736876371,103,3824,2151,1432.218281,5.476803,0.040977,0.564111,tv.twitch.android.app,True,False,False,True,True,False,False,True,CallbackRunner
1763736876371,1763736876377,6,3824,2151,1432.218281,5.476803,0.002387,0.032861,tv.twitch.android.app,True,False,False,True,True,False,False,True,PendingIntentClient
1763736876377,1763736876380,3,3824,2151,1432.218281,5.476803,0.001194,0.016430,tv.twitch.android.app,True,False,False,True,True,False,False,True,CallbackRunner
1763736876380,1763736876387,7,3824,2151,1432.218281,5.476803,0.002785,0.038338,tv.twitch.android.app,True,False,False,True,True,False,False,True,PendingIntentClient
1763736876387,1763736876392,5,3824,2151,1432.218281,5.476803,0.001989,0.027384,tv.twitch.android.app,True,False,False,True,True,False,False,True,CallbackRunner
1763736876392,1763736876399,7,3824,2151,1432.218281,5.476803,0.002785,0.038338,tv.twitch.android.app,True,False,False,True,True,False,False,True,PendingIntentClient
1763736876399,1763736876404,5,3824,2151,1432.218281,5.476803,0.001989,0.027384,tv.twitch.android.app,True,False,False,True,True,False,False,True,CallbackRunner
1763736876404,1763736879680,3276,3824,2151,1432.218281,5.476803,1.303319,17.942006,tv.twitch.android.app,True,False,False,True,True,False,False,True,AudioMix
1763736879680,1763736879682,2,3824,2151,1432.218281,5.476803,0.000796,0.010954,tv.twitch.android.app,True,False,False,True,True,False,False,True,*telephony-radio*
1763736879682,1763736879683,1,3824,2151,1432.218281,5.476803,0.000398,0.005477,tv.twitch.android.app,True,False,False,True,True,False,False,True,AudioMix
1763736879683,1763736879695,12,3824,2151,1432.218281,5.476803,0.004774,0.065722,tv.twitch.android.app,True,False,False,True,True,False,False,True,*telephony-radio*
1763736879695,1763736879702,7,3824,2151,1432.218281,5.476803,0.002785,0.038338,tv.twitch.android.app,True,False,False,True,True,False,False,True,*telephony-radio*
1763736879702,1763736879704,2,3824,2151,1432.218281,5.476803,0.000796,0.010954,tv.twitch.android.app,True,False,False,True,True,False,False,True,*telephony-radio*
1763736879704,1763736879707,3,3824,2151,1432.218281,5.476803,0.001194,0.016430,tv.twitch.android.app,True,False,False,True,True,False,False,True,AudioMix
1763736879707,1763736879709,2,3824,2151,1432.218281,5.476803,0.000796,0.010954,tv.twitch.android.app,True,False,False,True,True,False,False,True,*telephony-radio*
1763736879709,1763736881273,1564,3824,2151,1432.218281,5.476803,0.622219,8.565719,tv.twitch.android.app,True,False,False,True,True,False,False,True,AudioMix
1763736881273,1763736889714,8441,3824,2139,715.326533,2.735409,1.677242,23.089585,tv.twitch.android.app,True,False,False,True,True,False,False,True,AudioMix
1763736889714,1763736889857,143,3824,2139,715.326533,2.735409,0.028414,0.391163,tv.twitch.android.app,True,False,False,True,True,False,False,True,NetworkStats
1763736889857,1763736889869,12,3824,2139,715.326533,2.735409,0.002384,0.032825,tv.twitch.android.app,True,False,False,True,True,False,False,True,AudioMix
1763736889869,1763736889908,39,3824,2139,715.326533,2.735409,0.007749,0.106681,tv.twitch.android.app,True,False,False,True,True,False,False,True,NetworkStats
1763736889908,1763736900002,10094,3824,2139,715.326533,2.735409,2.005696,27.611215,tv.twitch.android.app,True,False,False,True,True,False,False,True,AudioMix
1763736900002,1763736900017,15,3824,2139,715.326533,2.735409,0.002981,0.041031,tv.twitch.android.app,True,False,False,True,True,False,False,True,*alarm*:*job.delay*
1763736900017,1763736900018,1,3824,2139,715.326533,2.735409,0.000199,0.002735,tv.twitch.android.app,True,False,False,True,True,False,False,True,*alarm*
1763736900018,1763736900081,63,3824,2139,715.326533,2.735409,0.012518,0.172331,tv.twitch.android.app,True,False,False,True,True,False,False,True,*alarm*
1763736900081,1763736900742,661,3824,2139,715.326533,2.735409,0.131342,1.808105,tv.twitch.android.app,True,False,False,True,True,False,False,True,*job*/com.android.vending/com.google.android.finsky.scheduler.process.mainimpl.PhoneskyJobServiceMain
1763736900742,1763736903749,3007,3824,2139,715.326533,2.735409,0.597496,8.225374,tv.twitch.android.app,True,False,False,True,True,False,False,True,*alarm*
1763736903749,1763736908350,4601,3824,2139,715.326533,2.735409,0.914227,12.585615,tv.twitch.android.app,True,False,False,True,True,False,False,True,AudioMix
1763736908350,1763736908363,13,3824,2139,715.326533,2.735409,0.002583,0.035560,tv.twitch.android.app,True,False,False,True,True,False,False,True,GCM_READ
1763736908363,1763736908365,2,3824,2139,715.326533,2.735409,0.000397,0.005471,tv.twitch.android.app,True,False,False,True,True,False,False,True,GCM_READ
1763736908365,1763736908427,62,3824,2139,715.326533,2.735409,0.012320,0.169595,tv.twitch.android.app,True,False,False,True,True,False,False,True,GCM_WORK
1763736908427,1763736908474,47,3824,2139,715.326533,2.735409,0.009339,0.128564,tv.twitch.android.app,True,False,False,True,True,False,False,True,GCM_WORK
1763736908474,1763736908478,4,3824,2139,715.326533,2.735409,0.000795,0.010942,tv.twitch.android.app,True,False,False,True,True,False,False,True,GOOGLE_C2DM
1763736908478,1763736908487,9,3824,2139,715.326533,2.735409,0.001788,0.024619,tv.twitch.android.app,True,False,False,True,True,False,False,True,GCM_WORK
1763736908487,1763736911469,2982,3824,2139,715.326533,2.735409,0.592529,8.156989,tv.twitch.android.app,True,False,False,True,True,False,False,True,GOOGLE_C2DM
1763736911469,1763736914140,2671,3824,2133,715.753198,2.737040,0.531049,7.310634,tv.twitch.android.app,True,False,False,True,True,False,False,True,GOOGLE_C2DM
1763736914140,1763736914154,14,3824,2133,715.753198,2.737040,0.002783,0.038319,tv.twitch.android.app,True,False,False,True,True,False,False,True,AudioMix
1763736914154,1763736914155,1,3824,2133,715.753198,2.737040,0.000199,0.002737,tv.twitch.android.app,True,False,False,True,True,False,False,True,*job*/com.android.contacts/com.whatsapp/WhatsApp:android
1763736914155,1763736914160,5,3824,2133,715.753198,2.737040,0.000994,0.013685,tv.twitch.android.app,True,False,False,True,True,False,False,True,SyncLoopWakeLock
1763736914160,1763736914198,38,3824,2133,715.753198,2.737040,0.007555,0.104008,tv.twitch.android.app,True,False,False,True,True,False,False,True,SyncLoopWakeLock
1763736914198,1763736914293,95,3824,2133,715.753198,2.737040,0.018888,0.260019,tv.twitch.android.app,True,False,False,True,True,False,False,True,*job*/com.android.contacts/com.whatsapp/WhatsApp:android
1763736914293,1763736914294,1,3824,2133,715.753198,2.737040,0.000199,0.002737,tv.twitch.android.app,True,False,False,True,True,False,False,True,*job*/com.whatsapp/.alarmservice.AlarmService
1763736914294,1763736914295,1,3824,2133,715.753198,2.737040,0.000199,0.002737,tv.twitch.android.app,True,False,False,True,True,False,False,True,*job*/com.whatsapp/.crash.upload.ExceptionsUploadService
1763736914295,1763736914296,1,3824,2133,715.753198,2.737040,0.000199,0.002737,tv.twitch.android.app,True,False,False,True,True,False,False,True,*job*/com.whatsapp/androidx.work.impl.background.systemjob.SystemJobService
1763736914296,1763736914298,2,3824,2133,715.753198,2.737040,0.000398,0.005474,tv.twitch.android.app,True,False,False,True,True,False,False,True,*job*/com.whatsapp/.crash.upload.ExceptionsUploadService
1763736914298,1763736914321,23,3824,2133,715.753198,2.737040,0.004573,0.062952,tv.twitch.android.app,True,False,False,True,True,False,False,True,*job*/com.whatsapp/.crash.upload.ExceptionsUploadService
1763736914321,1763736914322,1,3824,2133,715.753198,2.737040,0.000199,0.002737,tv.twitch.android.app,True,False,False,True,True,False,False,True,SyncLoopWakeLock
1763736914322,1763736914333,11,3824,2133,715.753198,2.737040,0.002187,0.030107,tv.twitch.android.app,True,False,False,True,True,False,False,True,*job*/com.whatsapp/.crash.upload.ExceptionsUploadService
1763736914333,1763736914394,61,3824,2133,715.753198,2.737040,0.012128,0.166959,tv.twitch.android.app,True,False,False,True,True,False,False,True,*job*/com.whatsapp/.crash.upload.ExceptionsUploadService
1763736914394,1763736914396,2,3824,2133,715.753198,2.737040,0.000398,0.005474,tv.twitch.android.app,True,False,False,True,True,False,False,True,*alarm*:DetectMovementSPListener
1763736914396,1763736914420,24,3824,2133,715.753198,2.737040,0.004772,0.065689,tv.twitch.android.app,True,False,False,True,True,False,False,True,*job*/com.whatsapp/.crash.upload.ExceptionsUploadService
1763736914420,1763736914451,31,3824,2133,715.753198,2.737040,0.006163,0.084848,tv.twitch.android.app,True,False,False,True,True,False,False,True,*job*/com.whatsapp/.crash.upload.ExceptionsUploadService
1763736914451,1763736914513,62,3824,2133,715.753198,2.737040,0.012327,0.169696,tv.twitch.android.app,True,False,False,True,True,False,False,True,com.whatsapp:NtpAction#updateNtp
1763736914513,1763736914545,32,3824,2133,715.753198,2.737040,0.006362,0.087585,tv.twitch.android.app,True,False,False,True,True,False,False,True,*job*/com.whatsapp/.alarmservice.AlarmService
1763736914545,1763736914546,1,3824,2133,715.753198,2.737040,0.000199,0.002737,tv.twitch.android.app,True,False,False,True,True,False,False,True,com.whatsapp:NtpAction#updateNtp
1763736914546,1763736914557,11,3824,2133,715.753198,2.737040,0.002187,0.030107,tv.twitch.android.app,True,False,False,True,True,False,False,True,*job*/com.whatsapp/.alarmservice.AlarmService
1763736914557,1763736914596,39,3824,2133,715.753198,2.737040,0.007754,0.106745,tv.twitch.android.app,True,False,False,True,True,False,False,True,*job*/com.whatsapp/androidx.work.impl.background.systemjob.SystemJobService
1763736914596,1763736914636,40,3824,2133,715.753198,2.737040,0.007953,0.109482,tv.twitch.android.app,True,False,False,True,True,False,False,True,*job*/com.android.contacts/com.whatsapp/WhatsApp:android
1763736914636,1763736914651,15,3824,2133,715.753198,2.737040,0.002982,0.041056,tv.twitch.android.app,True,False,False,True,True,False,False,True,*job*/com.whatsapp/.alarmservice.AlarmService
1763736914651,1763736914652,1,3824,2133,715.753198,2.737040,0.000199,0.002737,tv.twitch.android.app,True,False,False,True,True,False,False,True,com.whatsapp:NtpAction#updateNtp
1763736914652,1763736914666,14,3824,2133,715.753198,2.737040,0.002783,0.038319,tv.twitch.android.app,True,False,False,True,True,False,False,True,*job*/com.whatsapp/.alarmservice.AlarmService
1763736914666,1763736914821,155,3824,2133,715.753198,2.737040,0.030817,0.424241,tv.twitch.android.app,True,False,False,True,True,False,False,True,*job*/com.android.contacts/com.whatsapp/WhatsApp:android
1763736914821,1763736914845,24,3824,2133,715.753198,2.737040,0.004772,0.065689,tv.twitch.android.app,True,False,False,True,True,False,False,True,*job*/com.whatsapp/.infra.push.RegistrationIntentService
1763736914845,1763736915178,333,3824,2133,715.753198,2.737040,0.066207,0.911434,tv.twitch.android.app,True,False,False,True,True,False,False,True,*job*/com.android.contacts/com.whatsapp/WhatsApp:android
1763736915178,1763736915179,1,3824,2133,715.753198,2.737040,0.000199,0.002737,tv.twitch.android.app,True,False,False,True,True,False,False,True,*job*/com.android.contacts/com.whatsapp/WhatsApp:android
1763736915179,1763736915186,7,3824,2133,715.753198,2.737040,0.001392,0.019159,tv.twitch.android.app,True,False,False,True,True,False,False,True,*sync*/com.android.contacts/com.whatsapp/XXX
1763736915186,1763736915193,7,3824,2133,715.753198,2.737040,0.001392,0.019159,tv.twitch.android.app,True,False,False,True,True,False,False,True,SyncLoopWakeLock
1763736915193,1763736920863,5670,3824,2133,715.753198,2.737040,1.127311,15.519018,tv.twitch.android.app,True,False,False,True,True,False,False,True,AudioMix
1763736920863,1763736920972,109,3824,2133,715.753198,2.737040,0.021671,0.298337,tv.twitch.android.app,True,False,False,True,True,False,False,True,NetworkStats
1763736920972,1763736936402,15430,3824,2133,715.753198,2.737040,3.067798,42.232531,tv.twitch.android.app,True,False,False,True,True,False,False,True,AudioMix
1763736936402,1763736939534,3132,3824,2133,715.753198,2.737040,0.622705,8.572410,tv.twitch.android.app,True,False,False,True,True,False,False,True,*walarm*:com.google.android.location.ALARM_WAKEUP_ACTIVITY_DETECTION
1763736939534,1763736939546,12,3824,2133,715.753198,2.737040,0.002386,0.032844,tv.twitch.android.app,True,False,False,True,True,False,False,True,*walarm*:com.google.android.location.ALARM_WAKEUP_ACTIVITY_DETECTION
1763736939546,1763736939555,9,3824,2133,715.753198,2.737040,0.001789,0.024633,tv.twitch.android.app,True,False,False,True,True,False,False,True,CallbackRunner
1763736939555,1763736939562,7,3824,2133,715.753198,2.737040,0.001392,0.019159,tv.twitch.android.app,True,False,False,True,True,False,False,True,CallbackRunner
1763736939562,1763736939593,31,3824,2133,715.753198,2.737040,0.006163,0.084848,tv.twitch.android.app,True,False,False,True,True,False,False,True,CollectionLib-SigCollector
1763736939593,1763736939594,1,3824,2133,715.753198,2.737040,0.000199,0.002737,tv.twitch.android.app,True,False,False,True,True,False,False,True,AudioMix
1763736939594,1763736939700,106,3824,2133,715.753198,2.737040,0.021075,0.290126,tv.twitch.android.app,True,False,False,True,True,False,False,True,CallbackRunner
1763736939700,1763736939704,4,3824,2133,715.753198,2.737040,0.000795,0.010948,tv.twitch.android.app,True,False,False,True,True,False,False,True,PendingIntentClient
1763736939704,1763736939705,1,3824,2133,715.753198,2.737040,0.000199,0.002737,tv.twitch.android.app,True,False,False,True,True,False,False,True,CallbackRunner
1763736939705,1763736939707,2,3824,2133,715.753198,2.737040,0.000398,0.005474,tv.twitch.android.app,True,False,False,True,True,False,False,True,PendingIntentClient
1763736939707,1763736939708,1,3824,2133,715.753198,2.737040,0.000199,0.002737,tv.twitch.android.app,True,False,False,True,True,False,False,True,CallbackRunner
1763736939708,1763736939713,5,3824,2133,715.753198,2.737040,0.000994,0.013685,tv.twitch.android.app,True,False,False,True,True,False,False,True,PendingIntentClient
1763736939713,1763736939717,4,3824,2133,715.753198,2.737040,0.000795,0.010948,tv.twitch.android.app,True,False,False,True,True,False,False,True,CallbackRunner
1763736939717,1763736941647,1930,3824,2133,715.753198,2.737040,0.383723,5.282488,tv.twitch.android.app,True,False,False,True,True,False,False,True,AudioMix
1763736941647,1763736941757,110,3824,2127,715.279158,2.735227,0.021856,0.300875,tv.twitch.android.app,True,False,False,True,True,False,False,True,AudioMix
1763736941757,1763736941771,14,3824,2127,715.279158,2.735227,0.002782,0.038293,tv.twitch.android.app,True,False,False,True,True,False,False,True,*walarm*:DhcpClient.wlan0.RENEW
1763736941771,1763736950015,8244,3824,2127,715.279158,2.735227,1.637989,22.549215,tv.twitch.android.app,True,False,False,True,True,False,False,True,AudioMix
1763736950015,1763736950138,123,3824,2127,715.279158,2.735227,0.024439,0.336433,tv.twitch.android.app,True,False,False,True,True,False,False,True,NetworkStats
1763736950138,1763736950149,11,3824,2127,715.279158,2.735227,0.002186,0.030088,tv.twitch.android.app,True,False,False,True,True,False,False,True,AudioMix
1763736950149,1763736950199,50,3824,2127,715.279158,2.735227,0.009934,0.136761,tv.twitch.android.app,True,False,False,True,True,False,False,True,NetworkStats
1763736950199,1763736960005,9806,3824,2127,715.279158,2.735227,1.948341,26.821641,tv.twitch.android.app,True,False,False,True,True,False,False,True,AudioMix
1763736960005,1763736960006,1,3824,2127,715.279158,2.735227,0.000199,0.002735,tv.twitch.android.app,True,False,False,True,True,False,False,True,*alarm*:TIME_TICK
1763736960006,1763736971845,11839,3824,2127,715.279158,2.735227,2.352275,32.382358,tv.twitch.android.app,True,False,False,True,True,False,False,True,AudioMix
1763736971845,1763736972896,1051,3824,2121,1073.629797,4.105560,0.313440,4.314944,tv.twitch.android.app,True,False,False,True,True,False,False,True,AudioMix
1763736972896,1763736972999,103,3824,2121,1073.629797,4.105560,0.030718,0.422873,tv.twitch.android.app,True,False,False,True,True,False,False,True,NetworkStats
1763736972999,1763736974395,1396,3824,2121,1073.629797,4.105560,0.416330,5.731362,tv.twitch.android.app,True,False,False,True,True,False,False,True,AudioMix
1763736974395,1763736974401,6,3824,2121,1073.629797,4.105560,0.001789,0.024633,tv.twitch.android.app,True,False,False,True,True,False,False,True,*alarm*:DetectMovementSPListener
1763736974401,1763736977250,2849,3824,2121,1073.629797,4.105560,0.849659,11.696741,tv.twitch.android.app,True,False,False,True,True,False,False,True,AudioMix
1763736977250,1763736977251,1,3824,2121,1073.629797,4.105560,0.000298,0.004106,tv.twitch.android.app,True,False,False,True,True,False,False,True,*job*/com.samsung.android.email.provider/com.samsung.android.email/eM_ADDR:android
1763736977251,1763736977257,6,3824,2121,1073.629797,4.105560,0.001789,0.024633,tv.twitch.android.app,True,False,False,True,True,False,False,True,SyncLoopWakeLock
1763736977257,1763736977310,53,3824,2121,1073.629797,4.105560,0.015806,0.217595,tv.twitch.android.app,True,False,False,True,True,False,False,True,SyncLoopWakeLock
1763736977310,1763736977338,28,3824,2121,1073.629797,4.105560,0.008350,0.114956,tv.twitch.android.app,True,False,False,True,True,False,False,True,*job*/com.samsung.android.email.provider/com.samsung.android.email/eM_ADDR:android
1763736977338,1763736977339,1,3824,2121,1073.629797,4.105560,0.000298,0.004106,tv.twitch.android.app,True,False,False,True,True,False,False,True,SyncLoopWakeLock
1763736977339,1763736977401,62,3824,2121,1073.629797,4.105560,0.018490,0.254545,tv.twitch.android.app,True,False,False,True,True,False,False,True,*job*/com.samsung.android.email.provider/com.samsung.android.email/eM_ADDR:android
1763736977401,1763736980339,2938,3824,2121,1073.629797,4.105560,0.876201,12.062136,tv.twitch.android.app,True,False,False,True,True,False,False,True,*job*/com.samsung.android.email.provider/com.samsung.android.email/eM_ADDR:android
1763736980339,1763736980340,1,3824,2121,1073.629797,4.105560,0.000298,0.004106,tv.twitch.android.app,True,False,False,True,True,False,False,True,*job*/com.samsung.android.email.provider/com.samsung.android.email/eM_ADDR:android
1763736980340,1763736980351,11,3824,2121,1073.629797,4.105560,0.003281,0.045161,tv.twitch.android.app,True,False,False,True,True,False,False,True,*sync*/com.samsung.android.email.provider/com.samsung.android.email/XXX
1763736980351,1763736980352,1,3824,2121,1073.629797,4.105560,0.000298,0.004106,tv.twitch.android.app,True,False,False,True,True,False,False,True,SamsungEmail
1763736980352,1763736980364,12,3824,2121,1073.629797,4.105560,0.003579,0.049267,tv.twitch.android.app,True,False,False,True,True,False,False,True,SyncLoopWakeLock
1763736980364,1763736999716,19352,3824,2121,1073.629797,4.105560,5.771357,79.450804,tv.twitch.android.app,True,False,False,True,True,False,False,True,AudioMix
1763736999716,1763736999725,9,3824,2121,1073.629797,4.105560,0.002684,0.036950,tv.twitch.android.app,True,False,False,True,True,False,False,True,*walarm*:com.google.android.location.ALARM_WAKEUP_ACTIVITY_DETECTION
1763736999725,1763736999734,9,3824,2121,1073.629797,4.105560,0.002684,0.036950,tv.twitch.android.app,True,False,False,True,True,False,False,True,*walarm*:com.google.android.location.ALARM_WAKEUP_ACTIVITY_DETECTION
1763736999734,1763736999736,2,3824,2121,1073.629797,4.105560,0.000596,0.008211,tv.twitch.android.app,True,False,False,True,True,False,False,True,*walarm*:com.google.android.location.ALARM_WAKEUP_ACTIVITY_DETECTION
1763736999736,1763736999743,7,3824,2121,1073.629797,4.105560,0.002088,0.028739,tv.twitch.android.app,True,False,False,True,True,False,False,True,*alarm*
1763736999743,1763736999744,1,3824,2121,1073.629797,4.105560,0.000298,0.004106,tv.twitch.android.app,True,False,False,True,True,False,False,True,CallbackRunner
1763736999744,1763736999770,26,3824,2121,1073.629797,4.105560,0.007754,0.106745,tv.twitch.android.app,True,False,False,True,True,False,False,True,CollectionLib-SigCollector
1763736999770,1763736999771,1,3824,2121,1073.629797,4.105560,0.000298,0.004106,tv.twitch.android.app,True,False,False,True,True,False,False,True,AudioMix
1763736999771,1763736999842,71,3824,2121,1073.629797,4.105560,0.021174,0.291495,tv.twitch.android.app,True,False,False,True,True,False,False,True,CallbackRunner
1763736999842,1763736999848,6,3824,2121,1073.629797,4.105560,0.001789,0.024633,tv.twitch.android.app,True,False,False,True,True,False,False,True,PendingIntentClient
1763736999848,1763736999849,1,3824,2121,1073.629797,4.105560,0.000298,0.004106,tv.twitch.android.app,True,False,False,True,True,False,False,True,CallbackRunner
1763736999849,1763736999854,5,3824,2121,1073.629797,4.105560,0.001491,0.020528,tv.twitch.android.app,True,False,False,True,True,False,False,True,PendingIntentClient
1763736999854,1763736999857,3,3824,2121,1073.629797,4.105560,0.000895,0.012317,tv.twitch.android.app,True,False,False,True,True,False,False,True,CallbackRunner
1763736999857,1763737002023,2166,3824,2121,1073.629797,4.105560,0.645967,8.892644,tv.twitch.android.app,True,False,False,True,True,False,False,True,AudioMix
1763737002023,1763737010312,8289,3792,2112,716.109140,2.715486,1.648841,22.508662,tv.twitch.android.app,True,False,False,True,True,False,False,True,AudioMix
1763737010312,1763737010427,115,3792,2112,716.109140,2.715486,0.022876,0.312281,tv.twitch.android.app,True,False,False,True,True,False,False,True,NetworkStats
1763737010427,1763737010435,8,3792,2112,716.109140,2.715486,0.001591,0.021724,tv.twitch.android.app,True,False,False,True,True,False,False,True,AudioMix
1763737010435,1763737010488,53,3792,2112,716.109140,2.715486,0.010543,0.143921,tv.twitch.android.app,True,False,False,True,True,False,False,True,NetworkStats
1763737010488,1763737020002,9514,3792,2112,716.109140,2.715486,1.892517,25.835132,tv.twitch.android.app,True,False,False,True,True,False,False,True,AudioMix
1763737020002,1763737020018,16,3792,2112,716.109140,2.715486,0.003183,0.043448,tv.twitch.android.app,True,False,False,True,True,False,False,True,*alarm*:*job.delay*
1763737020018,1763737020028,10,3792,2112,716.109140,2.715486,0.001989,0.027155,tv.twitch.android.app,True,False,False,True,True,False,False,True,*alarm*
1763737020028,1763737020044,16,3792,2112,716.109140,2.715486,0.003183,0.043448,tv.twitch.android.app,True,False,False,True,True,False,False,True,*alarm*
1763737020044,1763737020046,2,3792,2112,716.109140,2.715486,0.000398,0.005431,tv.twitch.android.app,True,False,False,True,True,False,False,True,AudioMix
1763737020046,1763737020047,1,3792,2112,716.109140,2.715486,0.000199,0.002715,tv.twitch.android.app,True,False,False,True,True,False,False,True,*job*/com.google.android.gms.fitness/com.google/eM_ADDR:android
1763737020047,1763737020050,3,3792,2112,716.109140,2.715486,0.000597,0.008146,tv.twitch.android.app,True,False,False,True,True,False,False,True,SyncLoopWakeLock
1763737020050,1763737020091,41,3792,2112,716.109140,2.715486,0.008156,0.111335,tv.twitch.android.app,True,False,False,True,True,False,False,True,SyncLoopWakeLock
1763737020091,1763737020096,5,3792,2112,716.109140,2.715486,0.000995,0.013577,tv.twitch.android.app,True,False,False,True,True,False,False,True,*job*/com.google.android.gms.fitness/com.google/eM_ADDR:android
1763737020096,1763737020097,1,3792,2112,716.109140,2.715486,0.000199,0.002715,tv.twitch.android.app,True,False,False,True,True,False,False,True,SyncLoopWakeLock
1763737020097,1763737020141,44,3792,2112,716.109140,2.715486,0.008752,0.119481,tv.twitch.android.app,True,False,False,True,True,False,False,True,*job*/com.google.android.gms.fitness/com.google/eM_ADDR:android
1763737020141,1763737020143,2,3792,2112,716.109140,2.715486,0.000398,0.005431,tv.twitch.android.app,True,False,False,True,True,False,False,True,*job*/com.google.android.gms.fitness/com.google/eM_ADDR:android
1763737020143,1763737020149,6,3792,2112,716.109140,2.715486,0.001194,0.016293,tv.twitch.android.app,True,False,False,True,True,False,False,True,*sync*/com.google.android.gms.fitness/com.google/XXX
1763737020149,1763737020157,8,3792,2112,716.109140,2.715486,0.001591,0.021724,tv.twitch.android.app,True,False,False,True,True,False,False,True,SyncLoopWakeLock
1763737020157,1763737025029,4872,3792,2112,716.109140,2.715486,0.969134,13.229847,tv.twitch.android.app,True,False,False,True,True,False,False,True,AudioMix
1763737025029,1763737025100,71,3792,2112,716.109140,2.715486,0.014123,0.192799,tv.twitch.android.app,True,False,False,True,True,False,False,True,NetworkStats
1763737025100,1763737032186,7086,3792,2112,716.109140,2.715486,1.409541,19.241933,tv.twitch.android.app,True,False,False,True,True,False,False,True,AudioMix
1763737032186,1763737034397,2211,3792,2106,715.587212,2.713507,0.439490,5.999563,tv.twitch.android.app,True,False,False,True,True,False,False,True,AudioMix
1763737034397,1763737034399,2,3792,2106,715.587212,2.713507,0.000398,0.005427,tv.twitch.android.app,True,False,False,True,True,False,False,True,*alarm*:DetectMovementSPListener
1763737034399,1763737037866,3467,3792,2106,715.587212,2.713507,0.689150,9.407728,tv.twitch.android.app,True,False,False,True,True,False,False,True,AudioMix
1763737037866,1763737037871,5,3792,2106,715.587212,2.713507,0.000994,0.013568,tv.twitch.android.app,True,False,False,True,True,False,False,True,*telephony-radio*
1763737037871,1763737037873,2,3792,2106,715.587212,2.713507,0.000398,0.005427,tv.twitch.android.app,True,False,False,True,True,False,False,True,AudioMix
1763737037873,1763737037919,46,3792,2106,715.587212,2.713507,0.009144,0.124821,tv.twitch.android.app,True,False,False,True,True,False,False,True,*telephony-radio*
1763737037919,1763737037921,2,3792,2106,715.587212,2.713507,0.000398,0.005427,tv.twitch.android.app,True,False,False,True,True,False,False,True,*telephony-radio*
1763737037921,1763737062371,24450,3792,2106,715.587212,2.713507,4.860030,66.345239,tv.twitch.android.app,True,False,False,True,True,False,False,True,AudioMix
1763737062371,1763737066060,3689,3792,2100,716.014188,2.715126,0.733716,10.016099,tv.twitch.android.app,True,False,False,True,True,False,False,True,AudioMix
1763737066060,1763737066063,3,3792,2100,716.014188,2.715126,0.000597,0.008145,tv.twitch.android.app,True,False,False,True,True,False,False,True,*walarm*:com.google.android.location.ALARM_WAKEUP_ACTIVITY_DETECTION
1763737066063,1763737066073,10,3792,2100,716.014188,2.715126,0.001989,0.027151,tv.twitch.android.app,True,False,False,True,True,False,False,True,*walarm*:com.google.android.location.ALARM_WAKEUP_ACTIVITY_DETECTION
1763737066073,1763737066082,9,3792,2100,716.014188,2.715126,0.001790,0.024436,tv.twitch.android.app,True,False,False,True,True,False,False,True,*walarm*:com.google.android.location.ALARM_WAKEUP_ACTIVITY_DETECTION
1763737066082,1763737066083,1,3792,2100,716.014188,2.715126,0.000199,0.002715,tv.twitch.android.app,True,False,False,True,True,False,False,True,CallbackRunner
1763737066083,1763737066089,6,3792,2100,716.014188,2.715126,0.001193,0.016291,tv.twitch.android.app,True,False,False,True,True,False,False,True,*alarm*
1763737066089,1763737066108,19,3792,2100,716.014188,2.715126,0.003779,0.051587,tv.twitch.android.app,True,False,False,True,True,False,False,True,CollectionLib-SigCollector
1763737066108,1763737066109,1,3792,2100,716.014188,2.715126,0.000199,0.002715,tv.twitch.android.app,True,False,False,True,True,False,False,True,AudioMix
1763737066109,1763737066193,84,3792,2100,716.014188,2.715126,0.016707,0.228071,tv.twitch.android.app,True,False,False,True,True,False,False,True,CallbackRunner
1763737066193,1763737066200,7,3792,2100,716.014188,2.715126,0.001392,0.019006,tv.twitch.android.app,True,False,False,True,True,False,False,True,PendingIntentClient
1763737066200,1763737066203,3,3792,2100,716.014188,2.715126,0.000597,0.008145,tv.twitch.android.app,True,False,False,True,True,False,False,True,CallbackRunner
1763737066203,1763737066207,4,3792,2100,716.014188,2.715126,0.000796,0.010861,tv.twitch.android.app,True,False,False,True,True,False,False,True,PendingIntentClient
1763737066207,1763737066209,2,3792,2100,716.014188,2.715126,0.000398,0.005430,tv.twitch.android.app,True,False,False,True,True,False,False,True,CallbackRunner
1763737066209,1763737066213,4,3792,2100,716.014188,2.715126,0.000796,0.010861,tv.twitch.android.app,True,False,False,True,True,False,False,True,PendingIntentClient
1763737066213,1763737066221,8,3792,2100,716.014188,2.715126,0.001591,0.021721,tv.twitch.android.app,True,False,False,True,True,False,False,True,CallbackRunner
1763737066221,1763737070601,4380,3792,2100,716.014188,2.715126,0.871151,11.892251,tv.twitch.android.app,True,False,False,True,True,False,False,True,AudioMix
1763737070601,1763737070746,145,3792,2100,716.014188,2.715126,0.028839,0.393693,tv.twitch.android.app,True,False,False,True,True,False,False,True,NetworkStats
1763737070746,1763737070756,10,3792,2100,716.014188,2.715126,0.001989,0.027151,tv.twitch.android.app,True,False,False,True,True,False,False,True,AudioMix
1763737070756,1763737070809,53,3792,2100,716.014188,2.715126,0.010541,0.143902,tv.twitch.android.app,True,False,False,True,True,False,False,True,NetworkStats
1763737070809,1763737077209,6400,3792,2100,716.014188,2.715126,1.272914,17.376805,tv.twitch.android.app,True,False,False,True,True,False,False,True,AudioMix
1763737077209,1763737077324,115,3792,2100,716.014188,2.715126,0.022873,0.312239,tv.twitch.android.app,True,False,False,True,True,False,False,True,NetworkStats
1763737077324,1763737080007,2683,3792,2100,716.014188,2.715126,0.533629,7.284683,tv.twitch.android.app,True,False,False,True,True,False,False,True,AudioMix
1763737080007,1763737080017,10,3792,2100,716.014188,2.715126,0.001989,0.027151,tv.twitch.android.app,True,False,False,True,True,False,False,True,*alarm*:TIME_TICK
1763737080017,1763737086121,6104,3792,2100,716.014188,2.715126,1.214042,16.573128,tv.twitch.android.app,True,False,False,True,True,False,False,True,AudioMix
1763737086121,1763737086182,61,3792,2100,716.014188,2.715126,0.012132,0.165623,tv.twitch.android.app,True,False,False,True,True,False,False,True,*alarm*:com.samsung.action.EVERY_MINUTE_CLOCK_UPDATE
1763737086182,1763737092538,6356,3792,2100,716.014188,2.715126,1.264163,17.257340,tv.twitch.android.app,True,False,False,True,True,False,False,True,AudioMix
1763737092538,1763737094398,1860,3792,2094,715.492398,2.713147,0.369671,5.046454,tv.twitch.android.app,True,False,False,True,True,False,False,True,AudioMix
1763737094398,1763737094402,4,3792,2094,715.492398,2.713147,0.000795,0.010853,tv.twitch.android.app,True,False,False,True,True,False,False,True,*alarm*:DetectMovementSPListener
1763737094402,1763737097670,3268,3792,2094,715.492398,2.713147,0.649508,8.866565,tv.twitch.android.app,True,False,False,True,True,False,False,True,AudioMix
1763737097670,1763737097678,8,3792,2094,715.492398,2.713147,0.001590,0.021705,tv.twitch.android.app,True,False,False,True,True,False,False,True,*telephony-radio*
1763737097678,1763737097703,25,3792,2094,715.492398,2.713147,0.004969,0.067829,tv.twitch.android.app,True,False,False,True,True,False,False,True,*telephony-radio*
1763737097703,1763737097705,2,3792,2094,715.492398,2.713147,0.000397,0.005426,tv.twitch.android.app,True,False,False,True,True,False,False,True,AudioMix
1763737097705,1763737097731,26,3792,2094,715.492398,2.713147,0.005167,0.070542,tv.twitch.android.app,True,False,False,True,True,False,False,True,*telephony-radio*
1763737097731,1763737122727,24996,3792,2094,715.492398,2.713147,4.967902,67.817827,tv.twitch.android.app,True,False,False,True,True,False,False,True,AudioMix
1763737122727,1763737129365,6638,3792,2088,1073.665374,4.071339,1.979720,27.025549,tv.twitch.android.app,True,False,False,True,True,False,False,True,AudioMix
1763737129365,1763737129466,101,3792,2088,1073.665374,4.071339,0.030122,0.411205,tv.twitch.android.app,True,False,False,True,True,False,False,True,NetworkStats
1763737129466,1763737130917,1451,3792,2088,1073.665374,4.071339,0.432747,5.907513,tv.twitch.android.app,True,False,False,True,True,False,False,True,AudioMix
1763737130917,1763737131044,127,3792,2088,1073.665374,4.071339,0.037877,0.517060,tv.twitch.android.app,True,False,False,True,True,False,False,True,NetworkStats
1763737131044,1763737131054,10,3792,2088,1073.665374,4.071339,0.002982,0.040713,tv.twitch.android.app,True,False,False,True,True,False,False,True,AudioMix
1763737131054,1763737131096,42,3792,2088,1073.665374,4.071339,0.012526,0.170996,tv.twitch.android.app,True,False,False,True,True,False,False,True,NetworkStats
1763737131096,1763737132374,1278,3792,2088,1073.665374,4.071339,0.381151,5.203171,tv.twitch.android.app,True,False,False,True,True,False,False,True,AudioMix
1763737132374,1763737132385,11,3792,2088,1073.665374,4.071339,0.003281,0.044785,tv.twitch.android.app,True,False,False,True,True,False,False,True,*walarm*:com.google.android.location.ALARM_WAKEUP_ACTIVITY_DETECTION
1763737132385,1763737132394,9,3792,2088,1073.665374,4.071339,0.002684,0.036642,tv.twitch.android.app,True,False,False,True,True,False,False,True,*walarm*:com.google.android.location.ALARM_WAKEUP_ACTIVITY_DETECTION
1763737132394,1763737132402,8,3792,2088,1073.665374,4.071339,0.002386,0.032571,tv.twitch.android.app,True,False,False,True,True,False,False,True,*walarm*:com.google.android.location.ALARM_WAKEUP_ACTIVITY_DETECTION
1763737132402,1763737132405,3,3792,2088,1073.665374,4.071339,0.000895,0.012214,tv.twitch.android.app,True,False,False,True,True,False,False,True,CallbackRunner
1763737132405,1763737132433,28,3792,2088,1073.665374,4.071339,0.008351,0.113997,tv.twitch.android.app,True,False,False,True,True,False,False,True,CollectionLib-SigCollector
1763737132433,1763737132435,2,3792,2088,1073.665374,4.071339,0.000596,0.008143,tv.twitch.android.app,True,False,False,True,True,False,False,True,AudioMix
1763737132435,1763737132489,54,3792,2088,1073.665374,4.071339,0.016105,0.219852,tv.twitch.android.app,True,False,False,True,True,False,False,True,CallbackRunner
1763737132489,1763737132494,5,3792,2088,1073.665374,4.071339,0.001491,0.020357,tv.twitch.android.app,True,False,False,True,True,False,False,True,PendingIntentClient
1763737132494,1763737132495,1,3792,2088,1073.665374,4.071339,0.000298,0.004071,tv.twitch.android.app,True,False,False,True,True,False,False,True,CallbackRunner
1763737132495,1763737132498,3,3792,2088,1073.665374,4.071339,0.000895,0.012214,tv.twitch.android.app,True,False,False,True,True,False,False,True,PendingIntentClient
1763737132498,1763737132499,1,3792,2088,1073.665374,4.071339,0.000298,0.004071,tv.twitch.android.app,True,False,False,True,True,False,False,True,CallbackRunner
1763737132499,1763737132501,2,3792,2088,1073.665374,4.071339,0.000596,0.008143,tv.twitch.android.app,True,False,False,True,True,False,False,True,PendingIntentClient
1763737132501,1763737132504,3,3792,2088,1073.665374,4.071339,0.000895,0.012214,tv.twitch.android.app,True,False,False,True,True,False,False,True,CallbackRunner
1763737132504,1763737132552,48,3792,2088,1073.665374,4.071339,0.014316,0.195424,tv.twitch.android.app,True,False,False,True,True,False,False,True,AudioMix
1763737132552,1763737133202,650,3792,2088,1073.665374,4.071339,0.193856,2.646370,tv.twitch.android.app,True,False,False,True,True,False,False,True,*job*/com.google.android.apps.turbo/com.google.android.libraries.smartbattery.appusage.library.InferAppBucketsJob
1763737133202,1763737140004,6802,3792,2088,1073.665374,4.071339,2.028631,27.693249,tv.twitch.android.app,True,False,False,True,True,False,False,True,AudioMix
1763737140004,1763737140015,11,3792,2088,1073.665374,4.071339,0.003281,0.044785,tv.twitch.android.app,True,False,False,True,True,False,False,True,*alarm*:TIME_TICK
1763737140015,1763737140030,15,3792,2088,1073.665374,4.071339,0.004474,0.061070,tv.twitch.android.app,True,False,False,True,True,False,False,True,*alarm*
1763737140030,1763737152904,12874,3792,2088,1073.665374,4.071339,3.839547,52.414420,tv.twitch.android.app,True,False,False,True,True,False,False,True,AudioMix
1763737152904,1763737154399,1495,3792,2079,715.871806,2.714586,0.297286,4.058306,tv.twitch.android.app,True,False,False,True,True,False,False,True,AudioMix
1763737154399,1763737154405,6,3792,2079,715.871806,2.714586,0.001193,0.016288,tv.twitch.android.app,True,False,False,True,True,False,False,True,*alarm*:DetectMovementSPListener
1763737154405,1763737181435,27030,3792,2079,715.871806,2.714586,5.375004,73.375257,tv.twitch.android.app,True,False,False,True,True,False,False,True,AudioMix
1763737181435,1763737181551,116,3792,2079,715.871806,2.714586,0.023067,0.314892,tv.twitch.android.app,True,False,False,True,True,False,False,True,NetworkStats
1763737181551,1763737183077,1526,3792,2079,715.871806,2.714586,0.303450,4.142458,tv.twitch.android.app,True,False,False,True,True,False,False,True,AudioMix
1763737183077,1763737191205,8128,3792,2073,722.601365,2.740104,1.631473,22.271568,tv.twitch.android.app,True,False,False,True,True,False,False,True,AudioMix
1763737191205,1763737191327,122,3792,2073,722.601365,2.740104,0.024488,0.334293,tv.twitch.android.app,True,False,False,True,True,False,False,True,NetworkStats
1763737191327,1763737191341,14,3792,2073,722.601365,2.740104,0.002810,0.038361,tv.twitch.android.app,True,False,False,True,True,False,False,True,AudioMix
1763737191341,1763737191390,49,3792,2073,722.601365,2.740104,0.009835,0.134265,tv.twitch.android.app,True,False,False,True,True,False,False,True,NetworkStats
1763737191390,1763737192509,1119,3792,2073,722.601365,2.740104,0.224609,3.066177,tv.twitch.android.app,True,False,False,True,True,False,False,True,AudioMix
1763737192509,1763737192521,12,3792,2073,722.601365,2.740104,0.002409,0.032881,tv.twitch.android.app,True,False,False,True,True,False,False,True,*walarm*:com.google.android.location.ALARM_WAKEUP_ACTIVITY_DETECTION
1763737192521,1763737192539,18,3792,2073,722.601365,2.740104,0.003613,0.049322,tv.twitch.android.app,True,False,False,True,True,False,False,True,*walarm*:com.google.android.location.ALARM_WAKEUP_ACTIVITY_DETECTION
1763737192539,1763737192551,12,3792,2073,722.601365,2.740104,0.002409,0.032881,tv.twitch.android.app,True,False,False,True,True,False,False,True,CallbackRunner
1763737192551,1763737192562,11,3792,2073,722.601365,2.740104,0.002208,0.030141,tv.twitch.android.app,True,False,False,True,True,False,False,True,CallbackRunner
1763737192562,1763737192590,28,3792,2073,722.601365,2.740104,0.005620,0.076723,tv.twitch.android.app,True,False,False,True,True,False,False,True,CollectionLib-SigCollector
1763737192590,1763737192595,5,3792,2073,722.601365,2.740104,0.001004,0.013701,tv.twitch.android.app,True,False,False,True,True,False,False,True,AudioMix
1763737192595,1763737192708,113,3792,2073,722.601365,2.740104,0.022682,0.309632,tv.twitch.android.app,True,False,False,True,True,False,False,True,CallbackRunner
1763737192708,1763737192714,6,3792,2073,722.601365,2.740104,0.001204,0.016441,tv.twitch.android.app,True,False,False,True,True,False,False,True,PendingIntentClient
1763737192714,1763737192716,2,3792,2073,722.601365,2.740104,0.000401,0.005480,tv.twitch.android.app,True,False,False,True,True,False,False,True,CallbackRunner
1763737192716,1763737192719,3,3792,2073,722.601365,2.740104,0.000602,0.008220,tv.twitch.android.app,True,False,False,True,True,False,False,True,PendingIntentClient
1763737192719,1763737192721,2,3792,2073,722.601365,2.740104,0.000401,0.005480,tv.twitch.android.app,True,False,False,True,True,False,False,True,CallbackRunner
1763737192721,1763737192723,2,3792,2073,722.601365,2.740104,0.000401,0.005480,tv.twitch.android.app,True,False,False,True,True,False,False,True,PendingIntentClient
1763737192723,1763737192733,10,3792,2073,722.601365,2.740104,0.002007,0.027401,tv.twitch.android.app,True,False,False,True,True,False,False,True,CallbackRunner
1763737192733,1763737200016,7283,3792,2073,722.601365,2.740104,1.461863,19.956180,tv.twitch.android.app,True,False,False,True,True,False,False,True,AudioMix
1763737200016,1763737200023,7,3792,2073,722.601365,2.740104,0.001405,0.019181,tv.twitch.android.app,True,False,False,True,True,False,False,True,*alarm*:TIME_TICK
1763737200023,1763737200044,21,3792,2073,722.601365,2.740104,0.004215,0.057542,tv.twitch.android.app,True,False,False,True,True,False,False,True,*alarm*
1763737200044,1763737212969,12925,3792,2073,722.601365,2.740104,2.594340,35.415849,tv.twitch.android.app,True,False,False,True,True,False,False,True,AudioMix
1763737212969,1763737214401,1432,3792,2067,590.977740,2.240988,0.235078,3.209094,tv.twitch.android.app,True,False,False,True,True,False,False,True,AudioMix
1763737214401,1763737214407,6,3792,2067,590.977740,2.240988,0.000985,0.013446,tv.twitch.android.app,True,False,False,True,True,False,False,True,*alarm*:DetectMovementSPListener
1763737214407,1763737233655,19248,3792,2067,590.977740,2.240988,3.159761,43.134529,tv.twitch.android.app,True,False,False,True,True,False,False,True,AudioMix
1763737233655,1763737233795,140,3792,2067,590.977740,2.240988,0.022982,0.313738,tv.twitch.android.app,True,False,False,True,True,False,False,True,NetworkStats
1763737233795,1763737242019,8224,3792,2067,590.977740,2.240988,1.350056,18.429882,tv.twitch.android.app,True,False,False,True,True,False,False,True,AudioMix
1763737242019,1763737242039,20,3792,2067,590.977740,2.240988,0.003283,0.044820,tv.twitch.android.app,True,False,False,True,True,False,False,True,*walarm*:DhcpClient.wlan0.RENEW
1763737242039,1763737243427,1388,3792,2067,590.977740,2.240988,0.227855,3.110491,tv.twitch.android.app,True,False,False,True,True,False,False,True,AudioMix
1763737243427,1763737251501,8074,3792,2062,1430.653067,5.425036,3.208637,43.801744,tv.twitch.android.app,True,False,False,True,True,False,False,True,AudioMix
1763737251501,1763737251615,114,3792,2062,1430.653067,5.425036,0.045304,0.618454,tv.twitch.android.app,True,False,False,True,True,False,False,True,NetworkStats
1763737251615,1763737251624,9,3792,2062,1430.653067,5.425036,0.003577,0.048825,tv.twitch.android.app,True,False,False,True,True,False,False,True,AudioMix
1763737251624,1763737251675,51,3792,2062,1430.653067,5.425036,0.020268,0.276677,tv.twitch.android.app,True,False,False,True,True,False,False,True,NetworkStats
1763737251675,1763737260005,8330,3792,2062,1430.653067,5.425036,3.310372,45.190553,tv.twitch.android.app,True,False,False,True,True,False,False,True,AudioMix
1763737260005,1763737260017,12,3792,2062,1430.653067,5.425036,0.004769,0.065100,tv.twitch.android.app,True,False,False,True,True,False,False,True,*alarm*:TIME_TICK
1763737260017,1763737260018,1,3792,2062,1430.653067,5.425036,0.000397,0.005425,tv.twitch.android.app,True,False,False,True,True,False,False,True,*alarm*
1763737260018,1763737260024,6,3792,2062,1430.653067,5.425036,0.002384,0.032550,tv.twitch.android.app,True,False,False,True,True,False,False,True,*alarm*
1763737260024,1763737260031,7,3792,2062,1430.653067,5.425036,0.002782,0.037975,tv.twitch.android.app,True,False,False,True,True,False,False,True,*alarm*
1763737260031,1763737260038,7,3792,2062,1430.653067,5.425036,0.002782,0.037975,tv.twitch.android.app,True,False,False,True,True,False,False,True,CallbackRunner
1763737260038,1763737260062,24,3792,2062,1430.653067,5.425036,0.009538,0.130201,tv.twitch.android.app,True,False,False,True,True,False,False,True,CollectionLib-SigCollector
1763737260062,1763737260063,1,3792,2062,1430.653067,5.425036,0.000397,0.005425,tv.twitch.android.app,True,False,False,True,True,False,False,True,AudioMix
1763737260063,1763737260140,77,3792,2062,1430.653067,5.425036,0.030600,0.417728,tv.twitch.android.app,True,False,False,True,True,False,False,True,CallbackRunner
1763737260140,1763737260146,6,3792,2062,1430.653067,5.425036,0.002384,0.032550,tv.twitch.android.app,True,False,False,True,True,False,False,True,PendingIntentClient
1763737260146,1763737260148,2,3792,2062,1430.653067,5.425036,0.000795,0.010850,tv.twitch.android.app,True,False,False,True,True,False,False,True,CallbackRunner
1763737260148,1763737260153,5,3792,2062,1430.653067,5.425036,0.001987,0.027125,tv.twitch.android.app,True,False,False,True,True,False,False,True,PendingIntentClient
1763737260153,1763737260155,2,3792,2062,1430.653067,5.425036,0.000795,0.010850,tv.twitch.android.app,True,False,False,True,True,False,False,True,CallbackRunner
1763737260155,1763737260159,4,3792,2062,1430.653067,5.425036,0.001590,0.021700,tv.twitch.android.app,True,False,False,True,True,False,False,True,PendingIntentClient
1763737260159,1763737260161,2,3792,2062,1430.653067,5.425036,0.000795,0.010850,tv.twitch.android.app,True,False,False,True,True,False,False,True,CallbackRunner
1763737260161,1763737273623,13462,3792,2062,1430.653067,5.425036,5.349848,73.031840,tv.twitch.android.app,True,False,False,True,True,False,False,True,AudioMix
1763737273623,1763737274402,779,3792,2050,716.275368,2.716116,0.154994,2.115855,tv.twitch.android.app,True,False,False,True,True,False,False,True,AudioMix
1763737274402,1763737274408,6,3792,2050,716.275368,2.716116,0.001194,0.016297,tv.twitch.android.app,True,False,False,True,True,False,False,True,*alarm*:DetectMovementSPListener
1763737274408,1763737285791,11383,3792,2050,716.275368,2.716116,2.264823,30.917551,tv.twitch.android.app,True,False,False,True,True,False,False,True,AudioMix
1763737285791,1763737285897,106,3792,2050,716.275368,2.716116,0.021090,0.287908,tv.twitch.android.app,True,False,False,True,True,False,False,True,NetworkStats
1763737285897,1763737303779,17882,3792,2050,716.275368,2.716116,3.557899,48.569590,tv.twitch.android.app,True,False,False,True,True,False,False,True,AudioMix
1763737303779,1763737311785,8006,3792,2044,715.824358,2.714406,1.591914,21.731534,tv.twitch.android.app,True,False,False,True,True,False,False,True,AudioMix
1763737311785,1763737311924,139,3792,2044,715.824358,2.714406,0.027639,0.377302,tv.twitch.android.app,True,False,False,True,True,False,False,True,NetworkStats
1763737311924,1763737311934,10,3792,2044,715.824358,2.714406,0.001988,0.027144,tv.twitch.android.app,True,False,False,True,True,False,False,True,AudioMix
1763737311934,1763737311996,62,3792,2044,715.824358,2.714406,0.012328,0.168293,tv.twitch.android.app,True,False,False,True,True,False,False,True,NetworkStats
1763737311996,1763737320006,8010,3792,2044,715.824358,2.714406,1.592709,21.742392,tv.twitch.android.app,True,False,False,True,True,False,False,True,AudioMix
1763737320006,1763737320008,2,3792,2044,715.824358,2.714406,0.000398,0.005429,tv.twitch.android.app,True,False,False,True,True,False,False,True,*alarm*:TIME_TICK
1763737320008,1763737320160,152,3792,2044,715.824358,2.714406,0.030224,0.412590,tv.twitch.android.app,True,False,False,True,True,False,False,True,AudioMix
1763737320160,1763737320166,6,3792,2044,715.824358,2.714406,0.001193,0.016286,tv.twitch.android.app,True,False,False,True,True,False,False,True,*walarm*:com.google.android.location.ALARM_WAKEUP_ACTIVITY_DETECTION
1763737320166,1763737320173,7,3792,2044,715.824358,2.714406,0.001392,0.019001,tv.twitch.android.app,True,False,False,True,True,False,False,True,CallbackRunner
1763737320173,1763737320180,7,3792,2044,715.824358,2.714406,0.001392,0.019001,tv.twitch.android.app,True,False,False,True,True,False,False,True,CallbackRunner
1763737320180,1763737320188,8,3792,2044,715.824358,2.714406,0.001591,0.021715,tv.twitch.android.app,True,False,False,True,True,False,False,True,*walarm*:com.google.android.location.ALARM_WAKEUP_ACTIVITY_DETECTION
1763737320188,1763737320208,20,3792,2044,715.824358,2.714406,0.003977,0.054288,tv.twitch.android.app,True,False,False,True,True,False,False,True,CollectionLib-SigCollector
1763737320208,1763737320213,5,3792,2044,715.824358,2.714406,0.000994,0.013572,tv.twitch.android.app,True,False,False,True,True,False,False,True,AudioMix
1763737320213,1763737320285,72,3792,2044,715.824358,2.714406,0.014316,0.195437,tv.twitch.android.app,True,False,False,True,True,False,False,True,CallbackRunner
1763737320285,1763737320290,5,3792,2044,715.824358,2.714406,0.000994,0.013572,tv.twitch.android.app,True,False,False,True,True,False,False,True,PendingIntentClient
1763737320290,1763737320291,1,3792,2044,715.824358,2.714406,0.000199,0.002714,tv.twitch.android.app,True,False,False,True,True,False,False,True,CallbackRunner
1763737320291,1763737320293,2,3792,2044,715.824358,2.714406,0.000398,0.005429,tv.twitch.android.app,True,False,False,True,True,False,False,True,PendingIntentClient
1763737320293,1763737320294,1,3792,2044,715.824358,2.714406,0.000199,0.002714,tv.twitch.android.app,True,False,False,True,True,False,False,True,CallbackRunner
1763737320294,1763737320296,2,3792,2044,715.824358,2.714406,0.000398,0.005429,tv.twitch.android.app,True,False,False,True,True,False,False,True,PendingIntentClient
1763737320296,1763737320299,3,3792,2044,715.824358,2.714406,0.000597,0.008143,tv.twitch.android.app,True,False,False,True,True,False,False,True,CallbackRunner
1763737320299,1763737320813,514,3792,2044,715.824358,2.714406,0.102204,1.395205,tv.twitch.android.app,True,False,False,True,True,False,False,True,AudioMix
1763737320813,1763737321224,411,3792,2044,715.824358,2.714406,0.081723,1.115621,tv.twitch.android.app,True,False,False,True,True,False,False,True,*job*/com.google.android.apps.photos/androidx.work.impl.background.systemjob.SystemJobService
1763737321224,1763737321262,38,3792,2044,715.824358,2.714406,0.007556,0.103147,tv.twitch.android.app,True,False,False,True,True,False,False,True,AudioMix
1763737321262,1763737321329,67,3792,2044,715.824358,2.714406,0.013322,0.181865,tv.twitch.android.app,True,False,False,True,True,False,False,True,*job*/com.google.android.apps.photos/androidx.work.impl.background.systemjob.SystemJobService
1763737321329,1763737333954,12625,3792,2044,715.824358,2.714406,2.510356,34.269375,tv.twitch.android.app,True,False,False,True,True,False,False,True,AudioMix
1763737333954,1763737334404,450,3767,2038,1073.096413,4.042354,0.134137,1.819059,tv.twitch.android.app,True,False,False,True,True,False,False,True,AudioMix
1763737334404,1763737334406,2,3767,2038,1073.096413,4.042354,0.000596,0.008085,tv.twitch.android.app,True,False,False,True,True,False,False,True,*alarm*:DetectMovementSPListener
1763737334406,1763737335929,1523,3767,2038,1073.096413,4.042354,0.453979,6.156505,tv.twitch.android.app,True,False,False,True,True,False,False,True,AudioMix
1763737335929,1763737335942,13,3767,2038,1073.096413,4.042354,0.003875,0.052551,tv.twitch.android.app,True,False,False,True,True,False,False,True,*job*/com.google.android.apps.photos/com.google.android.libraries.social.async.BackgroundTaskJobService
1763737335942,1763737336055,113,3767,2038,1073.096413,4.042354,0.033683,0.456786,tv.twitch.android.app,True,False,False,True,True,False,False,True,*job*/com.google.android.apps.photos/androidx.work.impl.background.systemjob.SystemJobService
1763737336055,1763737336403,348,3767,2038,1073.096413,4.042354,0.103733,1.406739,tv.twitch.android.app,True,False,False,True,True,False,False,True,*job*/com.google.android.apps.photos/com.google.android.libraries.social.async.BackgroundTaskJobService
1763737336403,1763737336409,6,3767,2038,1073.096413,4.042354,0.001788,0.024254,tv.twitch.android.app,True,False,False,True,True,False,False,True,BackgroundTaskService-VideoCompressionScheduleTask
1763737336409,1763737336413,4,3767,2038,1073.096413,4.042354,0.001192,0.016169,tv.twitch.android.app,True,False,False,True,True,False,False,True,*job*/com.google.android.apps.photos/com.google.android.libraries.social.async.BackgroundTaskJobService
1763737336413,1763737336430,17,3767,2038,1073.096413,4.042354,0.005067,0.068720,tv.twitch.android.app,True,False,False,True,True,False,False,True,BackgroundTaskService-BackupScheduleTask
1763737336430,1763737337428,998,3767,2038,1073.096413,4.042354,0.297486,4.034269,tv.twitch.android.app,True,False,False,True,True,False,False,True,*job*/com.google.android.apps.photos/com.google.android.libraries.social.async.BackgroundTaskJobService
1763737337428,1763737337969,541,3767,2038,1073.096413,4.042354,0.161263,2.186914,tv.twitch.android.app,True,False,False,True,True,False,False,True,NetworkStats
1763737337969,1763737346924,8955,3767,2038,1073.096413,4.042354,2.669327,36.199282,tv.twitch.android.app,True,False,False,True,True,False,False,True,*job*/com.google.android.apps.photos/com.google.android.libraries.social.async.BackgroundTaskJobService
1763737346924,1763737364147,17223,3767,2038,1073.096413,4.042354,5.133872,69.621466,tv.twitch.android.app,True,False,False,True,True,False,False,True,AudioMix
1763737364147,1763737372024,7877,3767,2029,715.705765,2.696064,1.566004,21.236893,tv.twitch.android.app,True,False,False,True,True,False,False,True,AudioMix
1763737372024,1763737372165,141,3767,2029,715.705765,2.696064,0.028032,0.380145,tv.twitch.android.app,True,False,False,True,True,False,False,True,NetworkStats
1763737372165,1763737372179,14,3767,2029,715.705765,2.696064,0.002783,0.037745,tv.twitch.android.app,True,False,False,True,True,False,False,True,AudioMix
1763737372179,1763737372240,61,3767,2029,715.705765,2.696064,0.012127,0.164460,tv.twitch.android.app,True,False,False,True,True,False,False,True,NetworkStats
1763737372240,1763737380003,7763,3767,2029,715.705765,2.696064,1.543340,20.929542,tv.twitch.android.app,True,False,False,True,True,False,False,True,AudioMix
1763737380003,1763737380006,3,3767,2029,715.705765,2.696064,0.000596,0.008088,tv.twitch.android.app,True,False,False,True,True,False,False,True,*alarm*:TIME_TICK
